"","Number.of.Fish","Ave.time.to.drive","No.drivers","Total.trips","Est.mort.rate"
"1",20,30,1,1,0.0011638951699624
"2",20,30,2,2,0.0011638951699624
"3",20,30,3,3,0.0011638951699624
"4",20,30,4,4,0.0011638951699624
"5",20,30,5,5,0.0011638951699624
"6",20,60,1,1,0.00168131305877412
"7",20,60,2,2,0.00168131305877412
"8",20,60,3,3,0.00168131305877412
"9",20,60,4,4,0.00168131305877412
"10",20,60,5,5,0.00168131305877412
"11",20,90,1,1,0.00242819356757052
"12",20,90,2,2,0.00242819356757052
"13",20,90,3,3,0.00242819356757052
"14",20,90,4,4,0.00242819356757052
"15",20,90,5,5,0.00242819356757052
"16",20,120,1,1,0.00350569163526737
"17",20,120,2,2,0.00350569163526737
"18",20,120,3,3,0.00350569163526737
"19",20,120,4,4,0.00350569163526737
"20",20,120,5,5,0.00350569163526737
"21",40,30,1,1,0.00145774462749552
"22",40,30,2,2,0.00145774462749552
"23",40,30,3,3,0.00145774462749552
"24",40,30,4,4,0.00145774462749552
"25",40,30,5,5,0.00145774462749552
"26",40,60,1,1,0.00210552001526553
"27",40,60,2,2,0.00210552001526553
"28",40,60,3,3,0.00210552001526553
"29",40,60,4,4,0.00210552001526553
"30",40,60,5,5,0.00210552001526553
"31",40,90,1,1,0.00304026977846271
"32",40,90,2,2,0.00304026977846271
"33",40,90,3,3,0.00304026977846271
"34",40,90,4,4,0.00304026977846271
"35",40,90,5,5,0.00304026977846271
"36",40,120,1,1,0.00438817867627047
"37",40,120,2,2,0.00438817867627047
"38",40,120,3,3,0.00438817867627047
"39",40,120,4,4,0.00438817867627047
"40",40,120,5,5,0.00438817867627047
"41",60,30,1,1,0.00182564687103262
"42",60,30,2,2,0.00182564687103262
"43",60,30,3,3,0.00182564687103262
"44",60,30,4,4,0.00182564687103262
"45",60,30,5,5,0.00182564687103262
"46",60,60,1,1,0.00263647467367634
"47",60,60,2,2,0.00263647467367634
"48",60,60,3,3,0.00263647467367634
"49",60,60,4,4,0.00263647467367634
"50",60,60,5,5,0.00263647467367634
"51",60,90,1,1,0.00380604375721775
"52",60,90,2,2,0.00380604375721775
"53",60,90,3,3,0.00380604375721775
"54",60,90,4,4,0.00380604375721775
"55",60,90,5,5,0.00380604375721775
"56",60,120,1,1,0.00549158976124289
"57",60,120,2,2,0.00549158976124289
"58",60,120,3,3,0.00549158976124289
"59",60,120,4,4,0.00549158976124289
"60",60,120,5,5,0.00549158976124289
"61",80,30,1,2,0.00220660590427769
"62",80,30,2,4,0.00220660590427769
"63",80,30,3,6,0.00220660590427769
"64",80,30,4,8,0.00220660590427769
"65",80,30,5,10,0.00220660590427769
"66",80,60,1,2,0.0031860896625332
"67",80,60,2,4,0.0031860896625332
"68",80,60,3,6,0.0031860896625332
"69",80,60,4,8,0.0031860896625332
"70",80,60,5,10,0.0031860896625332
"71",80,90,1,2,0.00459834987215207
"72",80,90,2,4,0.00459834987215207
"73",80,90,3,6,0.00459834987215207
"74",80,90,4,8,0.00459834987215207
"75",80,90,5,10,0.00459834987215207
"76",80,120,1,2,0.00663244077870336
"77",80,120,2,4,0.00663244077870336
"78",80,120,3,6,0.00663244077870336
"79",80,120,4,8,0.00663244077870336
"80",80,120,5,10,0.00663244077870336
"81",100,30,1,2,0.00246921067002153
"82",100,30,2,4,0.00246921067002153
"83",100,30,3,6,0.00246921067002153
"84",100,30,4,8,0.00246921067002153
"85",100,30,5,10,0.00246921067002153
"86",100,60,1,2,0.00356484481812947
"87",100,60,2,4,0.00356484481812947
"88",100,60,3,6,0.00356484481812947
"89",100,60,4,8,0.00356484481812947
"90",100,60,5,10,0.00356484481812947
"91",100,90,1,2,0.00514412494878399
"92",100,90,2,4,0.00514412494878399
"93",100,90,3,6,0.00514412494878399
"94",100,90,4,8,0.00514412494878399
"95",100,90,5,10,0.00514412494878399
"96",100,120,1,2,0.0074178416225319
"97",100,120,2,4,0.0074178416225319
"98",100,120,3,6,0.0074178416225319
"99",100,120,4,8,0.0074178416225319
"100",100,120,5,10,0.0074178416225319
"101",120,30,1,2,0.00276298108379492
"102",120,30,2,4,0.00276298108379492
"103",120,30,3,6,0.00276298108379492
"104",120,30,4,8,0.00276298108379492
"105",120,30,5,10,0.00276298108379492
"106",120,60,1,2,0.00398844537669095
"107",120,60,2,4,0.00398844537669095
"108",120,60,3,6,0.00398844537669095
"109",120,60,4,8,0.00398844537669095
"110",120,60,5,10,0.00398844537669095
"111",120,90,1,2,0.00575430323255591
"112",120,90,2,4,0.00575430323255591
"113",120,90,3,6,0.00575430323255591
"114",120,90,4,8,0.00575430323255591
"115",120,90,5,10,0.00575430323255591
"116",120,120,1,2,0.00829547144233977
"117",120,120,2,4,0.00829547144233977
"118",120,120,3,6,0.00829547144233977
"119",120,120,4,8,0.00829547144233977
"120",120,120,5,10,0.00829547144233977
"121",140,30,1,2,0.0030915940441306
"122",140,30,2,4,0.0030915940441306
"123",140,30,3,6,0.0030915940441306
"124",140,30,4,8,0.0030915940441306
"125",140,30,5,10,0.0030915940441306
"126",140,60,1,2,0.00446215579978799
"127",140,60,2,4,0.00446215579978799
"128",140,60,3,6,0.00446215579978799
"129",140,60,4,8,0.00446215579978799
"130",140,60,5,10,0.00446215579978799
"131",140,90,1,2,0.00643639049396405
"132",140,90,2,4,0.00643639049396405
"133",140,90,3,6,0.00643639049396405
"134",140,90,4,8,0.00643639049396405
"135",140,90,5,10,0.00643639049396405
"136",140,120,1,2,0.00927596623013586
"137",140,120,2,4,0.00927596623013586
"138",140,120,3,6,0.00927596623013586
"139",140,120,4,8,0.00927596623013586
"140",140,120,5,10,0.00927596623013586
"141",160,30,1,2,0.00345915475602526
"142",160,30,2,4,0.00345915475602526
"143",160,30,3,6,0.00345915475602526
"144",160,30,4,8,0.00345915475602526
"145",160,30,5,10,0.00345915475602526
"146",160,60,1,2,0.00499184715778277
"147",160,60,2,4,0.00499184715778277
"148",160,60,3,6,0.00499184715778277
"149",160,60,4,8,0.00499184715778277
"150",160,60,5,10,0.00499184715778277
"151",160,90,1,2,0.00719874368236942
"152",160,90,2,4,0.00719874368236942
"153",160,90,3,6,0.00719874368236942
"154",160,90,4,8,0.00719874368236942
"155",160,90,5,10,0.00719874368236942
"156",160,120,1,2,0.0103711399883166
"157",160,120,2,4,0.0103711399883166
"158",160,120,3,6,0.0103711399883166
"159",160,120,4,8,0.0103711399883166
"160",160,120,5,10,0.0103711399883166
"161",180,30,1,2,0.00387024523927929
"162",180,30,2,4,0.00387024523927929
"163",180,30,3,6,0.00387024523927929
"164",180,30,4,8,0.00387024523927929
"165",180,30,5,10,0.00387024523927929
"166",180,60,1,2,0.00558406416203967
"167",180,60,2,4,0.00558406416203967
"168",180,60,3,6,0.00558406416203967
"169",180,60,4,8,0.00558406416203967
"170",180,60,5,10,0.00558406416203967
"171",180,90,1,2,0.00805066153771265
"172",180,90,2,4,0.00805066153771265
"173",180,90,3,6,0.00805066153771265
"174",180,90,4,8,0.00805066153771265
"175",180,90,5,10,0.00805066153771265
"176",180,120,1,2,0.011594103057057
"177",180,120,2,4,0.011594103057057
"178",180,120,3,6,0.011594103057057
"179",180,120,4,8,0.011594103057057
"180",180,120,5,10,0.011594103057057
"181",200,30,1,2,0.00432997798082524
"182",200,30,2,4,0.00432997798082524
"183",200,30,3,6,0.00432997798082524
"184",200,30,4,8,0.00432997798082524
"185",200,30,5,10,0.00432997798082524
"186",200,60,1,2,0.00624609887925993
"187",200,60,2,4,0.00624609887925993
"188",200,60,3,6,0.00624609887925993
"189",200,60,4,8,0.00624609887925993
"190",200,60,5,10,0.00624609887925993
"191",200,90,1,2,0.00900248334991951
"192",200,90,2,4,0.00900248334991951
"193",200,90,3,6,0.00900248334991951
"194",200,90,4,8,0.00900248334991951
"195",200,90,5,10,0.00900248334991951
"196",200,120,1,2,0.0129593892435624
"197",200,120,2,4,0.0129593892435624
"198",200,120,3,6,0.0129593892435624
"199",200,120,4,8,0.0129593892435624
"200",200,120,5,10,0.0129593892435624
"201",220,30,1,2,0.00484405518673242
"202",220,30,2,4,0.00484405518673242
"203",220,30,3,6,0.00484405518673242
"204",220,30,4,8,0.00484405518673242
"205",220,30,5,10,0.00484405518673242
"206",220,60,1,2,0.00698607160633911
"207",220,60,2,4,0.00698607160633911
"208",220,60,3,6,0.00698607160633911
"209",220,60,4,8,0.00698607160633911
"210",220,60,5,10,0.00698607160633911
"211",220,90,1,2,0.0100656962050568
"212",220,90,2,4,0.0100656962050568
"213",220,90,3,6,0.0100656962050568
"214",220,90,4,8,0.0100656962050568
"215",220,90,5,10,0.0100656962050568
"216",220,120,1,2,0.0144830915761419
"217",220,120,2,4,0.0144830915761419
"218",220,120,3,6,0.0144830915761419
"219",220,120,4,8,0.0144830915761419
"220",220,120,5,10,0.0144830915761419
"221",240,30,1,3,0.00523077906796269
"222",240,30,2,6,0.00523077906796269
"223",240,30,3,9,0.00523077906796269
"224",240,30,4,12,0.00523077906796269
"225",240,30,5,15,0.00523077906796269
"226",240,60,1,3,0.00754250670696648
"227",240,60,2,6,0.00754250670696648
"228",240,60,3,9,0.00754250670696648
"229",240,60,4,12,0.00754250670696648
"230",240,60,5,15,0.00754250670696648
"231",240,90,1,2,0.0112530509532895
"232",240,90,2,6,0.0108647372224376
"233",240,90,3,9,0.0108647372224376
"234",240,90,4,12,0.0108647372224376
"235",240,90,5,15,0.0108647372224376
"236",240,120,1,2,0.0161830062191331
"237",240,120,2,6,0.0156272612290713
"238",240,120,3,9,0.0156272612290713
"239",240,120,4,12,0.0156272612290713
"240",240,120,5,15,0.0156272612290713
"241",260,30,1,3,0.00563664828755304
"242",260,30,2,6,0.00563664828755304
"243",260,30,3,9,0.00563664828755304
"244",260,30,4,12,0.00563664828755304
"245",260,30,5,15,0.00563664828755304
"246",260,60,1,3,0.00812628335283368
"247",260,60,2,6,0.00812628335283368
"248",260,60,3,9,0.00812628335283368
"249",260,60,4,12,0.00812628335283368
"250",260,60,5,15,0.00812628335283368
"251",260,90,1,2,0.0125786869866895
"252",260,90,2,6,0.0117026166012869
"253",260,90,3,9,0.0117026166012869
"254",260,90,4,12,0.0117026166012869
"255",260,90,5,15,0.0117026166012869
"256",260,120,1,2,0.0180787837128673
"257",260,120,2,6,0.0168261746165556
"258",260,120,3,9,0.0168261746165556
"259",260,120,4,12,0.0168261746165556
"260",260,120,5,15,0.0168261746165556
"261",280,30,1,3,0.00607381762922089
"262",280,30,2,6,0.00607381762922089
"263",280,30,3,9,0.00607381762922089
"264",280,30,4,12,0.00607381762922089
"265",280,30,5,15,0.00607381762922089
"266",280,60,1,3,0.00875484469716539
"267",280,60,2,6,0.00875484469716539
"268",280,60,3,9,0.00875484469716539
"269",280,60,4,12,0.00875484469716539
"270",280,60,5,15,0.00875484469716539
"271",280,90,1,2,0.0140582657143001
"272",280,90,2,6,0.0126042891401161
"273",280,90,3,9,0.0126042891401161
"274",280,90,4,12,0.0126042891401161
"275",280,90,5,15,0.0126042891401161
"276",280,120,1,2,0.0201920862290832
"277",280,120,2,6,0.0181153751627421
"278",280,120,3,9,0.0181153751627421
"279",280,120,4,12,0.0181153751627421
"280",280,120,5,15,0.0181153751627421
"281",300,30,1,3,0.00654466995684588
"282",300,30,2,6,0.00654466995684588
"283",300,30,3,9,0.00654466995684588
"284",300,30,4,12,0.00654466995684588
"285",300,30,5,15,0.00654466995684588
"286",300,60,1,3,0.00943156243814933
"287",300,60,2,6,0.00943156243814933
"288",300,60,3,9,0.00943156243814933
"289",300,60,4,12,0.00943156243814933
"290",300,60,5,15,0.00943156243814933
"291",300,90,1,2,0.0157091123550457
"292",300,90,2,6,0.013574480240099
"293",300,90,3,9,0.013574480240099
"294",300,90,4,12,0.013574480240099
"295",300,90,5,15,0.013574480240099
"296",300,120,1,2,0.0225467489376826
"297",300,120,2,6,0.0195013933946532
"298",300,120,3,9,0.0195013933946532
"299",300,120,4,12,0.0195013933946532
"300",300,120,5,15,0.0195013933946532
"301",320,30,1,3,0.00705176455982271
"302",320,30,2,6,0.00705176455982271
"303",320,30,3,9,0.00705176455982271
"304",320,30,4,12,0.00705176455982271
"305",320,30,5,15,0.00705176455982271
"306",320,60,1,3,0.0101600518619417
"307",320,60,2,6,0.0101600518619417
"308",320,60,3,9,0.0101600518619417
"309",320,60,4,12,0.0101600518619417
"310",320,60,5,15,0.0101600518619417
"311",320,90,1,2,0.0175503653215753
"312",320,90,2,6,0.0146182443427803
"313",320,90,3,9,0.0146182443427803
"314",320,90,4,12,0.0146182443427803
"315",320,90,5,15,0.0146182443427803
"316",320,120,1,2,0.0251689428453433
"317",320,120,2,6,0.0209911896322175
"318",320,120,3,9,0.0209911896322175
"319",320,120,4,12,0.0209911896322175
"320",320,120,5,15,0.0209911896322175
"321",340,30,1,3,0.00759784941267804
"322",340,30,2,6,0.00759784941267804
"323",340,30,3,9,0.00759784941267804
"324",340,30,4,12,0.00759784941267804
"325",340,30,5,15,0.00759784941267804
"326",340,60,1,3,0.0109441877915614
"327",340,60,2,6,0.0109441877915614
"328",340,60,3,9,0.0109441877915614
"329",340,60,4,12,0.0109441877915614
"330",340,60,5,15,0.0109441877915614
"331",340,90,1,2,0.0196031320234459
"332",340,90,2,6,0.0157409844783402
"333",340,90,3,9,0.0157409844783402
"334",340,90,4,12,0.0157409844783402
"335",340,90,5,15,0.0157409844783402
"336",340,120,1,1,0.11473550442023
"337",340,120,2,6,0.0225921754808745
"338",340,120,3,9,0.0225921754808745
"339",340,120,4,12,0.0225921754808745
"340",340,120,5,15,0.0225921754808745
"341",360,30,1,3,0.00818587415576772
"342",360,30,2,6,0.00818587415576772
"343",360,30,3,9,0.00818587415576772
"344",360,30,4,12,0.00818587415576772
"345",360,30,5,15,0.00818587415576772
"346",360,60,1,3,0.0117881213102771
"347",360,60,2,6,0.0117881213102771
"348",360,60,3,9,0.0117881213102771
"349",360,60,4,12,0.0117881213102771
"350",360,60,5,15,0.0117881213102771
"351",360,90,1,2,0.0218906493578148
"352",360,90,2,6,0.0169484724209433
"353",360,90,3,9,0.0169484724209433
"354",360,90,4,12,0.0169484724209433
"355",360,90,5,15,0.0169484724209433
"356",360,120,1,NA,NA
"357",360,120,2,6,0.0243122352625645
"358",360,120,3,9,0.0243122352625645
"359",360,120,4,12,0.0243122352625645
"360",360,120,5,15,0.0243122352625645
"361",380,30,1,3,0.00881900381730603
"362",380,30,2,6,0.00881900381730603
"363",380,30,3,9,0.00881900381730603
"364",380,30,4,12,0.00881900381730603
"365",380,30,5,15,0.00881900381730603
"366",380,60,1,3,0.0126962972500387
"367",380,60,2,6,0.0126962972500387
"368",380,60,3,9,0.0126962972500387
"369",380,60,4,12,0.0126962972500387
"370",380,60,5,15,0.0126962972500387
"371",380,90,1,2,0.0244384464602062
"372",380,90,2,6,0.0182468693677154
"373",380,90,3,9,0.0182468693677154
"374",380,90,4,12,0.0182468693677154
"375",380,90,5,15,0.0182468693677154
"376",380,120,1,NA,NA
"377",380,120,2,6,0.0261597471486359
"378",380,120,3,9,0.0261597471486359
"379",380,120,4,12,0.0261597471486359
"380",380,120,5,15,0.0261597471486359
"381",400,30,1,3,0.00950063329325173
"382",400,30,2,6,0.00950063329325173
"383",400,30,3,9,0.00950063329325173
"384",400,30,4,12,0.00950063329325173
"385",400,30,5,15,0.00950063329325173
"386",400,60,1,3,0.0136734724249621
"387",400,60,2,6,0.0136734724249621
"388",400,60,3,9,0.0136734724249621
"389",400,60,4,12,0.0136734724249621
"390",400,60,5,15,0.0136734724249621
"391",400,90,1,2,0.0272745064363457
"392",400,90,2,6,0.0196427470344086
"393",400,90,3,9,0.0196427470344086
"394",400,90,4,12,0.0196427470344086
"395",400,90,5,15,0.0196427470344086
"396",400,120,1,NA,NA
"397",400,120,2,6,0.0281436037136037
"398",400,120,3,9,0.0281436037136037
"399",400,120,4,12,0.0281436037136037
"400",400,120,5,15,0.0281436037136037
"401",420,30,1,3,0.0102344025968263
"402",420,30,2,6,0.0102344025968263
"403",420,30,3,9,0.0102344025968263
"404",420,30,4,12,0.0102344025968263
"405",420,30,5,15,0.0102344025968263
"406",420,60,1,3,0.0147247345772749
"407",420,60,2,6,0.0147247345772749
"408",420,60,3,9,0.0147247345772749
"409",420,60,4,12,0.0147247345772749
"410",420,60,5,15,0.0147247345772749
"411",420,90,1,2,0.0304294227683994
"412",420,90,2,6,0.0211431090337222
"413",420,90,3,9,0.0211431090337222
"414",420,90,4,12,0.0211431090337222
"415",420,90,5,15,0.0211431090337222
"416",420,120,1,NA,NA
"417",420,120,2,6,0.030273231578836
"418",420,120,3,9,0.030273231578836
"419",420,120,4,12,0.030273231578836
"420",420,120,5,15,0.030273231578836
"421",440,30,1,3,0.0110242128834988
"422",440,30,2,6,0.0110242128834988
"423",440,30,3,9,0.0110242128834988
"424",440,30,4,12,0.0110242128834988
"425",440,30,5,15,0.0110242128834988
"426",440,60,1,2,0.0237286357215468
"427",440,60,2,6,0.0158555219881979
"428",440,60,3,9,0.0158555219881979
"429",440,60,4,12,0.0158555219881979
"430",440,60,5,15,0.0158555219881979
"431",440,90,1,2,0.033936544867327
"432",440,90,2,6,0.022755412371174
"433",440,90,3,9,0.022755412371174
"434",440,90,4,12,0.022755412371174
"435",440,90,5,15,0.022755412371174
"436",440,120,1,NA,NA
"437",440,120,2,6,0.0325586097599407
"438",440,120,3,9,0.0325586097599407
"439",440,120,4,12,0.0325586097599407
"440",440,120,5,15,0.0325586097599407
"441",460,30,1,4,0.011679596607304
"442",460,30,2,8,0.011679596607304
"443",460,30,3,12,0.011679596607304
"444",460,30,4,16,0.011679596607304
"445",460,30,5,20,0.011679596607304
"446",460,60,1,2,0.0264845590535755
"447",460,60,2,8,0.0167932474233721
"448",460,60,3,12,0.0167932474233721
"449",460,60,4,16,0.0167932474233721
"450",460,60,5,20,0.0167932474233721
"451",460,90,1,NA,NA
"452",460,90,2,6,0.0244875888580044
"453",460,90,3,12,0.0240912209684618
"454",460,90,4,16,0.0240912209684618
"455",460,90,5,20,0.0240912209684618
"456",460,120,1,NA,NA
"457",460,120,2,6,0.0350102862707487
"458",460,120,3,12,0.0344496078763539
"459",460,120,4,16,0.0344496078763539
"460",460,120,5,20,0.0344496078763539
"461",480,30,1,4,0.0123483159402923
"462",480,30,2,8,0.0123483159402923
"463",480,30,3,12,0.0123483159402923
"464",480,30,4,16,0.0123483159402923
"465",480,30,5,20,0.0123483159402923
"466",480,60,1,2,0.02955087595784
"467",480,60,2,8,0.0177494924199715
"468",480,60,3,12,0.0177494924199715
"469",480,60,4,16,0.0177494924199715
"470",480,60,5,20,0.0177494924199715
"471",480,90,1,NA,NA
"472",480,90,2,6,0.0263480662004973
"473",480,90,3,12,0.0254522711942305
"474",480,90,4,16,0.0254522711942305
"475",480,90,5,20,0.0254522711942305
"476",480,120,1,NA,NA
"477",480,120,2,4,0.0598046806390967
"478",480,120,3,12,0.0363740506297869
"479",480,120,4,16,0.0363740506297869
"480",480,120,5,20,0.0363740506297869
"481",500,30,1,4,0.0130548172828101
"482",500,30,2,8,0.0130548172828101
"483",500,30,3,12,0.0130548172828101
"484",500,30,4,16,0.0130548172828101
"485",500,30,5,20,0.0130548172828101
"486",500,60,1,2,0.0329601839207588
"487",500,60,2,8,0.0187591492456402
"488",500,60,3,12,0.0187591492456402
"489",500,60,4,16,0.0187591492456402
"490",500,60,5,20,0.0187591492456402
"491",500,90,1,NA,NA
"492",500,90,2,6,0.0283457884799986
"493",500,90,3,12,0.0268880963379908
"494",500,90,4,16,0.0268880963379908
"495",500,90,5,20,0.0268880963379908
"496",500,120,1,NA,NA
"497",500,120,2,4,0.0664653387381467
"498",500,120,3,12,0.0384017220089087
"499",500,120,4,16,0.0384017220089087
"500",500,120,5,20,0.0384017220089087
"501",520,30,1,4,0.0138011758208275
"502",520,30,2,8,0.0138011758208275
"503",520,30,3,12,0.0138011758208275
"504",520,30,4,16,0.0138011758208275
"505",520,30,5,20,0.0138011758208275
"506",520,60,1,2,0.0367479320699923
"507",520,60,2,8,0.0198250798994545
"508",520,60,3,12,0.0198250798994545
"509",520,60,4,16,0.0198250798994545
"510",520,60,5,20,0.0198250798994545
"511",520,90,1,NA,NA
"512",520,90,2,6,0.0304902356875348
"513",520,90,3,12,0.0284025592590021
"514",520,90,4,16,0.0284025592590021
"515",520,90,5,20,0.0284025592590021
"516",520,120,1,NA,NA
"517",520,120,2,4,0.0738095815103047
"518",520,120,3,12,0.0405376708892857
"519",520,120,4,16,0.0405376708892857
"520",520,120,5,20,0.0405376708892857
"521",540,30,1,3,0.0159708793941024
"522",540,30,2,8,0.0145895737391019
"523",540,30,3,12,0.0145895737391019
"524",540,30,4,16,0.0145895737391019
"525",540,30,5,20,0.0145895737391019
"526",540,60,1,2,0.0409525305293037
"527",540,60,2,8,0.0209502855865479
"528",540,60,3,12,0.0209502855865479
"529",540,60,4,16,0.0209502855865479
"530",540,60,5,20,0.0209502855865479
"531",540,90,1,NA,NA
"532",540,90,2,6,0.0327914419210767
"533",540,90,3,12,0.0299996940605002
"534",540,90,4,16,0.0299996940605002
"535",540,90,5,20,0.0299996940605002
"536",540,120,1,NA,NA
"537",540,120,2,4,0.0818941531591059
"538",540,120,3,9,0.0467115693084951
"539",540,120,4,16,0.0427871374701319
"540",540,120,5,20,0.0427871374701319
"541",560,30,1,3,0.0171956944330006
"542",560,30,2,8,0.0154223049137132
"543",560,30,3,12,0.0154223049137132
"544",560,30,4,16,0.0154223049137132
"545",560,30,5,20,0.0154223049137132
"546",560,60,1,2,0.0456154259161686
"547",560,60,2,8,0.0221379118236001
"548",560,60,3,12,0.0221379118236001
"549",560,60,4,16,0.0221379118236001
"550",560,60,5,20,0.0221379118236001
"551",560,90,1,NA,NA
"552",560,90,2,6,0.0352600117920833
"553",560,90,3,12,0.0316837103605599
"554",560,90,4,16,0.0316837103605599
"555",560,90,5,20,0.0316837103605599
"556",560,120,1,NA,NA
"557",560,120,2,4,0.0907774588782954
"558",560,120,3,9,0.0501736985737043
"559",560,120,4,16,0.0451555540132061
"560",560,120,5,20,0.0451555540132061
"561",580,30,1,3,0.0185126740237098
"562",580,30,2,8,0.0163017797100656
"563",580,30,3,12,0.0163017797100656
"564",580,30,4,16,0.0163017797100656
"565",580,30,5,20,0.0163017797100656
"566",580,60,1,2,0.0507811310831934
"567",580,60,2,8,0.0233912535253882
"568",580,60,3,12,0.0233912535253882
"569",580,60,4,16,0.0233912535253882
"570",580,60,5,20,0.0233912535253882
"571",580,90,1,NA,NA
"572",580,90,2,4,0.0717712906382075
"573",580,90,3,12,0.0334589972431783
"574",580,90,4,16,0.0334589972431783
"575",580,90,5,20,0.0334589972431783
"576",580,120,1,NA,NA
"577",580,120,2,4,0.100518863874465
"578",580,120,3,9,0.0538779283644916
"579",580,120,4,16,0.0476485446763597
"580",580,120,5,20,0.0476485446763597
"581",600,30,1,3,0.0199284728764667
"582",600,30,2,8,0.0172305298749833
"583",600,30,3,12,0.0172305298749833
"584",600,30,4,16,0.0172305298749833
"585",600,30,5,20,0.0172305298749833
"586",600,60,1,NA,NA
"587",600,60,2,6,0.028549383080849
"588",600,60,3,12,0.0247137600403643
"589",600,60,4,16,0.0247137600403643
"590",600,60,5,20,0.0247137600403643
"591",600,90,1,NA,NA
"592",600,90,2,4,0.0796518027387994
"593",600,90,3,12,0.035330126821124
"594",600,90,4,16,0.035330126821124
"595",600,90,5,20,0.035330126821124
"596",600,120,1,NA,NA
"597",600,120,2,4,0.111177802987607
"598",600,120,3,9,0.0578389813318691
"599",600,120,4,16,0.050271924321213
"600",600,120,5,20,0.050271924321213
"601",620,30,1,3,0.0214501818098381
"602",620,30,2,8,0.0182112135091904
"603",620,30,3,12,0.0182112135091904
"604",620,30,4,16,0.0182112135091904
"605",620,30,5,20,0.0182112135091904
"606",620,60,1,NA,NA
"607",620,60,2,6,0.0307087460622364
"608",620,60,3,12,0.0261090400987777
"609",620,60,4,16,0.0261090400987777
"610",620,60,5,20,0.0261090400987777
"611",620,90,1,NA,NA
"612",620,90,2,4,0.0883152713817867
"613",620,90,3,9,0.0437847820586149
"614",620,90,4,16,0.0373018573349736
"615",620,90,5,20,0.0373018573349736
"616",620,120,1,NA,NA
"617",620,120,2,4,0.122812684073743
"618",620,120,3,9,0.0620721414979075
"619",620,120,4,16,0.0530316961659066
"620",620,120,5,20,0.0530316961659066
"621",640,30,1,2,0.0493449018189045
"622",640,30,2,8,0.0192466201038624
"623",640,30,3,12,0.0192466201038624
"624",640,30,4,16,0.0192466201038624
"625",640,30,5,20,0.0192466201038624
"626",640,60,1,NA,NA
"627",640,60,2,6,0.0330258822651863
"628",640,60,3,12,0.0275808666320189
"629",640,60,4,16,0.0275808666320189
"630",640,60,5,20,0.0275808666320189
"631",640,90,1,NA,NA
"632",640,90,2,4,0.0978208836559746
"633",640,90,3,9,0.0470406904656575
"634",640,90,4,16,0.0393791357052615
"635",640,90,5,20,0.0393791357052615
"636",640,120,1,NA,NA
"637",640,120,2,NA,NA
"638",640,120,3,6,0.135479574096868
"639",640,120,4,12,0.0665932227116244
"640",640,120,5,20,0.0559340481455061
"641",660,30,1,2,0.0549086516602383
"642",660,30,2,8,0.0203396756220462
"643",660,30,3,12,0.0203396756220462
"644",660,30,4,16,0.0203396756220462
"645",660,30,5,20,0.0203396756220462
"646",660,60,1,NA,NA
"647",660,60,2,6,0.0355114530347365
"648",660,60,3,12,0.0291331814166172
"649",660,60,4,16,0.0291331814166172
"650",660,60,5,20,0.0291331814166172
"651",660,90,1,NA,NA
"652",660,90,2,4,0.108228154494899
"653",660,90,3,9,0.0505259203604101
"654",660,90,4,16,0.0415670994468253
"655",660,90,5,20,0.0415670994468253
"656",660,120,1,NA,NA
"657",660,120,2,NA,NA
"658",660,120,3,6,0.149230665489877
"659",660,120,4,12,0.0714185266816104
"660",660,120,5,20,0.0589853478345997
"661",680,30,1,2,0.0610594345833778
"662",680,30,2,8,0.0214934476025438
"663",680,30,3,12,0.0214934476025438
"664",680,30,4,16,0.0214934476025438
"665",680,30,5,20,0.0214934476025438
"666",680,60,1,NA,NA
"667",680,60,2,4,0.0859135562403764
"668",680,60,3,12,0.0307700994906652
"669",680,60,4,16,0.0307700994906652
"670",680,60,5,20,0.0307700994906652
"671",680,90,1,NA,NA
"672",680,90,2,4,0.119595886697065
"673",680,90,3,9,0.0542546686658633
"674",680,90,4,16,0.0438710778462931
"675",680,90,5,20,0.0438710778462931
"676",680,120,1,NA,NA
"677",680,120,2,NA,NA
"678",680,120,3,6,0.164112532115656
"679",680,120,4,12,0.0765647893214148
"680",680,120,5,15,0.0765647893214148
"681",700,30,1,2,0.0678497541724477
"682",700,30,2,8,0.022711150260329
"683",700,30,3,12,0.022711150260329
"684",700,30,4,16,0.022711150260329
"685",700,30,5,20,0.022711150260329
"686",700,60,1,NA,NA
"687",700,60,2,4,0.0951876553260588
"688",700,60,3,9,0.0410334837507194
"689",700,60,4,16,0.0324959132843625
"690",700,60,5,20,0.0324959132843625
"691",700,90,1,NA,NA
"692",700,90,2,NA,NA
"693",700,90,3,6,0.131980915897142
"694",700,90,4,12,0.0582417141969032
"695",700,90,5,20,0.0462965922952934
"696",700,120,1,NA,NA
"697",700,120,2,NA,NA
"698",700,120,3,6,0.180164199200486
"699",700,120,4,8,0.180164199200486
"700",700,120,5,15,0.082049114116556
"701",720,30,1,NA,NA
"702",720,30,2,6,0.0309287724498818
"703",720,30,3,12,0.0239961495536889
"704",720,30,4,16,0.0239961495536889
"705",720,30,5,20,0.0239961495536889
"706",720,60,1,NA,NA
"707",720,60,2,NA,NA
"708",720,60,3,9,0.0440942354589649
"709",720,60,4,16,0.0343150963998739
"710",720,60,5,20,0.0343150963998739
"711",720,90,1,NA,NA
"712",720,90,2,NA,NA
"713",720,90,3,NA,NA
"714",720,90,4,12,0.0625023944732425
"715",720,90,5,20,0.0488493556634519
"716",720,120,1,NA,NA
"717",720,120,2,NA,NA
"718",720,120,3,NA,NA
"719",720,120,4,NA,NA
"720",720,120,5,15,0.0878888912226912
"721",740,30,1,NA,NA
"722",740,30,2,6,0.0332619410847189
"723",740,30,3,15,0.0253100542243685
"724",740,30,4,20,0.0253100542243685
"725",740,30,5,25,0.0253100542243685
"726",740,60,1,NA,NA
"727",740,60,2,NA,NA
"728",740,60,3,9,0.0473720153151062
"729",740,60,4,16,0.0362323069687906
"730",740,60,5,25,0.0361730723542747
"731",740,90,1,NA,NA
"732",740,90,2,NA,NA
"733",740,90,3,NA,NA
"734",740,90,4,12,0.0670525732080857
"735",740,90,5,15,0.0670525732080857
"736",740,120,1,NA,NA
"737",740,120,2,NA,NA
"738",740,120,3,NA,NA
"739",740,120,4,NA,NA
"740",740,120,5,NA,NA
"741",760,30,1,NA,NA
"742",760,30,2,6,0.0357646208485946
"743",760,30,3,12,0.0267822904897332
"744",760,30,4,20,0.0264463388044638
"745",760,30,5,25,0.0264463388044638
"746",760,60,1,NA,NA
"747",760,60,2,NA,NA
"748",760,60,3,NA,NA
"749",760,60,4,12,0.0508804823075953
"750",760,60,5,20,0.0382523905081809
"751",760,90,1,NA,NA
"752",760,90,2,NA,NA
"753",760,90,3,NA,NA
"754",760,90,4,NA,NA
"755",760,90,5,15,0.0719085972514551
"756",760,120,1,NA,NA
"757",760,120,2,NA,NA
"758",760,120,3,NA,NA
"759",760,120,4,NA,NA
"760",760,120,5,NA,NA
"761",780,30,1,NA,NA
"762",780,30,2,NA,NA
"763",780,30,3,12,0.0282909671901612
"764",780,30,4,20,0.0276321902127898
"765",780,30,5,25,0.0276321902127898
"766",780,60,1,NA,NA
"767",780,60,2,NA,NA
"768",780,60,3,NA,NA
"769",780,60,4,12,0.0546338911953407
"770",780,60,5,20,0.0403803821885596
"771",780,90,1,NA,NA
"772",780,90,2,NA,NA
"773",780,90,3,NA,NA
"774",780,90,4,NA,NA
"775",780,90,5,NA,NA
"776",780,120,1,NA,NA
"777",780,120,2,NA,NA
"778",780,120,3,NA,NA
"779",780,120,4,NA,NA
"780",780,120,5,NA,NA
"781",800,30,1,NA,NA
"782",800,30,2,NA,NA
"783",800,30,3,9,0.041324332419951
"784",800,30,4,16,0.0298820199309955
"785",800,30,5,25,0.0288696382902163
"786",800,60,1,NA,NA
"787",800,60,2,NA,NA
"788",800,60,3,NA,NA
"789",800,60,4,NA,NA
"790",800,60,5,15,0.0586470767351555
"791",800,90,1,NA,NA
"792",800,90,2,NA,NA
"793",800,90,3,NA,NA
"794",800,90,4,NA,NA
"795",800,90,5,NA,NA
"796",800,120,1,NA,NA
"797",800,120,2,NA,NA
"798",800,120,3,NA,NA
"799",800,120,4,NA,NA
"800",800,120,5,NA,NA
"801",820,30,1,NA,NA
"802",820,30,2,NA,NA
"803",820,30,3,NA,NA
"804",820,30,4,12,0.0444057743860462
"805",820,30,5,20,0.0315596455755872
"806",820,60,1,NA,NA
"807",820,60,2,NA,NA
"808",820,60,3,NA,NA
"809",820,60,4,NA,NA
"810",820,60,5,NA,NA
"811",820,90,1,NA,NA
"812",820,90,2,NA,NA
"813",820,90,3,NA,NA
"814",820,90,4,NA,NA
"815",820,90,5,NA,NA
"816",820,120,1,NA,NA
"817",820,120,2,NA,NA
"818",820,120,3,NA,NA
"819",820,120,4,NA,NA
"820",820,120,5,NA,NA
"821",840,30,1,NA,NA
"822",840,30,2,NA,NA
"823",840,30,3,NA,NA
"824",840,30,4,12,0.0477055569839252
"825",840,30,5,15,0.0477055569839252
"826",840,60,1,NA,NA
"827",840,60,2,NA,NA
"828",840,60,3,NA,NA
"829",840,60,4,NA,NA
"830",840,60,5,NA,NA
"831",840,90,1,NA,NA
"832",840,90,2,NA,NA
"833",840,90,3,NA,NA
"834",840,90,4,NA,NA
"835",840,90,5,NA,NA
"836",840,120,1,NA,NA
"837",840,120,2,NA,NA
"838",840,120,3,NA,NA
"839",840,120,4,NA,NA
"840",840,120,5,NA,NA
"841",860,30,1,NA,NA
"842",860,30,2,NA,NA
"843",860,30,3,NA,NA
"844",860,30,4,NA,NA
"845",860,30,5,NA,NA
"846",860,60,1,NA,NA
"847",860,60,2,NA,NA
"848",860,60,3,NA,NA
"849",860,60,4,NA,NA
"850",860,60,5,NA,NA
"851",860,90,1,NA,NA
"852",860,90,2,NA,NA
"853",860,90,3,NA,NA
"854",860,90,4,NA,NA
"855",860,90,5,NA,NA
"856",860,120,1,NA,NA
"857",860,120,2,NA,NA
"858",860,120,3,NA,NA
"859",860,120,4,NA,NA
"860",860,120,5,NA,NA
"861",880,30,1,NA,NA
"862",880,30,2,NA,NA
"863",880,30,3,NA,NA
"864",880,30,4,NA,NA
"865",880,30,5,NA,NA
"866",880,60,1,NA,NA
"867",880,60,2,NA,NA
"868",880,60,3,NA,NA
"869",880,60,4,NA,NA
"870",880,60,5,NA,NA
"871",880,90,1,NA,NA
"872",880,90,2,NA,NA
"873",880,90,3,NA,NA
"874",880,90,4,NA,NA
"875",880,90,5,NA,NA
"876",880,120,1,NA,NA
"877",880,120,2,NA,NA
"878",880,120,3,NA,NA
"879",880,120,4,NA,NA
"880",880,120,5,NA,NA
"881",900,30,1,NA,NA
"882",900,30,2,NA,NA
"883",900,30,3,NA,NA
"884",900,30,4,NA,NA
"885",900,30,5,NA,NA
"886",900,60,1,NA,NA
"887",900,60,2,NA,NA
"888",900,60,3,NA,NA
"889",900,60,4,NA,NA
"890",900,60,5,NA,NA
"891",900,90,1,NA,NA
"892",900,90,2,NA,NA
"893",900,90,3,NA,NA
"894",900,90,4,NA,NA
"895",900,90,5,NA,NA
"896",900,120,1,NA,NA
"897",900,120,2,NA,NA
"898",900,120,3,NA,NA
"899",900,120,4,NA,NA
"900",900,120,5,NA,NA
"901",920,30,1,NA,NA
"902",920,30,2,NA,NA
"903",920,30,3,NA,NA
"904",920,30,4,NA,NA
"905",920,30,5,NA,NA
"906",920,60,1,NA,NA
"907",920,60,2,NA,NA
"908",920,60,3,NA,NA
"909",920,60,4,NA,NA
"910",920,60,5,NA,NA
"911",920,90,1,NA,NA
"912",920,90,2,NA,NA
"913",920,90,3,NA,NA
"914",920,90,4,NA,NA
"915",920,90,5,NA,NA
"916",920,120,1,NA,NA
"917",920,120,2,NA,NA
"918",920,120,3,NA,NA
"919",920,120,4,NA,NA
"920",920,120,5,NA,NA
"921",940,30,1,NA,NA
"922",940,30,2,NA,NA
"923",940,30,3,NA,NA
"924",940,30,4,NA,NA
"925",940,30,5,NA,NA
"926",940,60,1,NA,NA
"927",940,60,2,NA,NA
"928",940,60,3,NA,NA
"929",940,60,4,NA,NA
"930",940,60,5,NA,NA
"931",940,90,1,NA,NA
"932",940,90,2,NA,NA
"933",940,90,3,NA,NA
"934",940,90,4,NA,NA
"935",940,90,5,NA,NA
"936",940,120,1,NA,NA
"937",940,120,2,NA,NA
"938",940,120,3,NA,NA
"939",940,120,4,NA,NA
"940",940,120,5,NA,NA
"941",960,30,1,NA,NA
"942",960,30,2,NA,NA
"943",960,30,3,NA,NA
"944",960,30,4,NA,NA
"945",960,30,5,NA,NA
"946",960,60,1,NA,NA
"947",960,60,2,NA,NA
"948",960,60,3,NA,NA
"949",960,60,4,NA,NA
"950",960,60,5,NA,NA
"951",960,90,1,NA,NA
"952",960,90,2,NA,NA
"953",960,90,3,NA,NA
"954",960,90,4,NA,NA
"955",960,90,5,NA,NA
"956",960,120,1,NA,NA
"957",960,120,2,NA,NA
"958",960,120,3,NA,NA
"959",960,120,4,NA,NA
"960",960,120,5,NA,NA
"961",980,30,1,NA,NA
"962",980,30,2,NA,NA
"963",980,30,3,NA,NA
"964",980,30,4,NA,NA
"965",980,30,5,NA,NA
"966",980,60,1,NA,NA
"967",980,60,2,NA,NA
"968",980,60,3,NA,NA
"969",980,60,4,NA,NA
"970",980,60,5,NA,NA
"971",980,90,1,NA,NA
"972",980,90,2,NA,NA
"973",980,90,3,NA,NA
"974",980,90,4,NA,NA
"975",980,90,5,NA,NA
"976",980,120,1,NA,NA
"977",980,120,2,NA,NA
"978",980,120,3,NA,NA
"979",980,120,4,NA,NA
"980",980,120,5,NA,NA
"981",1000,30,1,NA,NA
"982",1000,30,2,NA,NA
"983",1000,30,3,NA,NA
"984",1000,30,4,NA,NA
"985",1000,30,5,NA,NA
"986",1000,60,1,NA,NA
"987",1000,60,2,NA,NA
"988",1000,60,3,NA,NA
"989",1000,60,4,NA,NA
"990",1000,60,5,NA,NA
"991",1000,90,1,NA,NA
"992",1000,90,2,NA,NA
"993",1000,90,3,NA,NA
"994",1000,90,4,NA,NA
"995",1000,90,5,NA,NA
"996",1000,120,1,NA,NA
"997",1000,120,2,NA,NA
"998",1000,120,3,NA,NA
"999",1000,120,4,NA,NA
"1000",1000,120,5,NA,NA
